{"initial_reset_timestamp": 1587550584.140442, "timestamps": [1587550585.7896233], "episode_lengths": [77], "episode_rewards": [77.0], "episode_types": ["t"]}