{"initial_reset_timestamp": 1587550669.4373302, "timestamps": [1587550671.6295176], "episode_lengths": [122], "episode_rewards": [122.0], "episode_types": ["t"]}