{"initial_reset_timestamp": 1587551050.353477, "timestamps": [1587551053.8346827], "episode_lengths": [200], "episode_rewards": [200.0], "episode_types": ["t"]}