{"initial_reset_timestamp": 1587550761.1072578, "timestamps": [1587550761.9056585], "episode_lengths": [39], "episode_rewards": [39.0], "episode_types": ["t"]}