{"initial_reset_timestamp": 1587549964.4437234, "timestamps": [1587549965.3529525], "episode_lengths": [45], "episode_rewards": [45.0], "episode_types": ["t"]}