{"initial_reset_timestamp": 1587550940.5892088, "timestamps": [1587550942.3244753], "episode_lengths": [94], "episode_rewards": [94.0], "episode_types": ["t"]}