{"initial_reset_timestamp": 1587549766.5313556, "timestamps": [1587549767.0721648], "episode_lengths": [23], "episode_rewards": [23.0], "episode_types": ["t"]}