{"initial_reset_timestamp": 1587549342.1518087, "timestamps": [1587549344.4482126], "episode_lengths": [129], "episode_rewards": [129.0], "episode_types": ["t"]}