{"initial_reset_timestamp": 1587550745.4798844, "timestamps": [1587550746.3427064], "episode_lengths": [13], "episode_rewards": [13.0], "episode_types": ["t"]}