{"initial_reset_timestamp": 1587550849.472092, "timestamps": [1587550851.5983248], "episode_lengths": [118], "episode_rewards": [118.0], "episode_types": ["t"]}